idnovel,tr_word1,tr_word2,tr_word3,tr_word4,tr_word5,ch_word1,ch_word2,ch_word3,ch_word4,ch_word5,st_word1,st_word2,st_word3,st_word4,st_word5,md_word1,md_word2,md_word3,md_word4,md_word5
1,사 국 ,서하 ,리지 ,차기 가주 ,여성 군대 ,아니다,예쁘다,가능하다,높다,궁금하다,NULL,NULL,NULL,NULL,NULL,NULL,NULL,NULL,NULL,NULL
2,NULL,NULL,NULL,NULL,NULL,NULL,NULL,NULL,NULL,NULL,NULL,NULL,NULL,NULL,NULL,NULL,NULL,NULL,NULL,NULL
3,릴리 안 ,레온 딘 ,윌리엄 ,책 ,엘리엇 ,멋지다,활발하다,발랄하다,우울하다,멋있다,으스스하다,암울하다,이러하다,그러하다,다르다,음산하다,넘치다,안좋다,야하다,순수하다
4,베 리그 ,애 미 ,로 설 ,블랙 까망 ,본드 족 ,짠하다,나쁘다,열렬하다,깊다,탄탄하다,탄탄하다,귀찮다,불편하다,새롭다,유일하다,안타깝다,솔직하다,더하다,필요하다,분하다
5,송 유 ,제갈 수광 ,절정 고수 ,동부 지맹 ,천마 ,좋아하다,그렇다,선하다,이상하다,우승하다,NULL,NULL,NULL,NULL,NULL,친하다,힘들다,좋다,뒤늦다,성공하다
6,주인공 ,강화 전사 ,검술 재능 ,지구 최강 ,지구의 마나 ,흥미롭다,통쾌하다,있다,특이하다,이러하다,NULL,NULL,NULL,NULL,NULL,NULL,NULL,NULL,NULL,NULL
7,NULL,NULL,NULL,NULL,NULL,있다,반하다,미치다,없다,수많다,없다,있다,반하다,수많다,많다,NULL,NULL,NULL,NULL,NULL
8,NULL,NULL,NULL,NULL,NULL,좋다,뛰어나다,나쁘다,평범하다,같다,NULL,NULL,NULL,NULL,NULL,NULL,NULL,NULL,NULL,NULL
9,급 헌터 ,유진 ,주인공 ,던전 안 ,프로필 카드 ,약하다,아니다,우선하다,특이하다,가깝다,애매하다,지루하다,다름없다,수많다,그렇다,무겁다,밉다,짜릿하다,지겹다,구질구질하다
10,함 아카데미 ,학원 물 ,피아노 천재 ,예고 천재 ,초월 마법 ,없다,특별하다,무섭다,안녕하다,그렇다,이렇다,많다,있다,같다,무능력하다,실망하다,비슷하다,당하다,완벽하다,그렇다
11,한국 쉘터 ,김밥 조 ,성호 ,장원 택 ,안근 석 ,짜증나다,없다,멸망하다,올바르다,평온하다,유일하다,변하다,높다,갑작스럽다,자세하다,NULL,NULL,NULL,NULL,NULL
12,강 신혁 ,헌터 물 ,토 이카 ,히어로 유니버스 ,체육 대회 ,뻔하다,성장하다,신선하다,이쁘다,끊임없다,NULL,NULL,NULL,NULL,NULL,NULL,NULL,NULL,NULL,NULL
13,NULL,NULL,NULL,NULL,NULL,NULL,NULL,NULL,NULL,NULL,NULL,NULL,NULL,NULL,NULL,NULL,NULL,NULL,NULL,NULL
14,그루 밤 ,주인공 ,잠재력 ,작품 ,플레이어 ,강하다,지루하다,성장하다,안되다,부탁드리다,강하다,같다,좋다,어떻다,재미있다,NULL,NULL,NULL,NULL,NULL
15,반려 동물 ,체이스 교수 ,관련 영상 ,장 스티치 ,동물병원 ,없다,싫어하다,어렵다,경미하다,특별하다,아쉽다,들뜨다,유명하다,멋지다,괜찮다,NULL,NULL,NULL,NULL,NULL
16,정밀 기계 ,이창진 은 ,사업 실패 ,회사 ,재벌 스토리 ,있다,성공하다,어렵다,뻔하다,똑똑하다,성공하다,뻔하다,인하다,필요하다,젊다,NULL,NULL,NULL,NULL,NULL
17,케일 ,힘 ,마 탑 ,용 혼혈 ,에르 하 ,별다르다,유능하다,불과하다,안락하다,멸망하다,특출나다,안타깝다,그만하다,조용하다,답답하다,멀쩡하다,더럽다,평탄하다,완전하다,높다
18,급 헌터 ,먼치킨 웹툰 ,주인공 성진우 ,주인공 ,던전 ,풋풋하다,강하다,선하다,급격하다,무능력하다,특출나다,환생하다,탄탄하다,지루하다,뻔하다,답답하다,유머러스하다,심하다,행복하다,쓸데없다
19,무협 ,남궁 소 ,마 회귀 ,검 감 ,도화 곡 ,원하다,충분하다,간단하다,용감하다,침착하다,신비하다,용감하다,무능하다,간단하다,별다르다,담백하다,빠르다,확실하다,더하다,진중하다
20,아카데미 물 ,파쿠 리 ,메인 스토리 ,주인공 ,히로인 이랑 ,아니다,많다,그렇다,열광하다,아쉽다,많다,열광하다,있다,그렇다,아쉽다,NULL,NULL,NULL,NULL,NULL
21,망나니 왕자 ,마나 하트 ,그루 혼 ,문 피아 ,주인공 ,유쾌하다,얼떨떨하다,상당하다,복되다,끊임없다,얼떨떨하다,드물다,상당하다,미치다,끊임없다,치밀하다,딱딱하다,담백하다,완벽하다,행복하다
22,재벌 스토리 ,주인공 ,그룹 ,산업 ,시절 ,어렵다,힘들다,아무렇다,너무하다,똑같다,재미있다,인하다,힘들다,달콤하다,성하다,NULL,NULL,NULL,NULL,NULL
23,NULL,NULL,NULL,NULL,NULL,NULL,NULL,NULL,NULL,NULL,NULL,NULL,NULL,NULL,NULL,NULL,NULL,NULL,NULL,NULL
24,뽕 맛 ,주인공 세력 ,주인공 ,회귀 헌터 ,능력 ,그렇다,비싸다,참신하다,좋다,새롭다,NULL,NULL,NULL,NULL,NULL,NULL,NULL,NULL,NULL,NULL
25,퓨전 판타지 ,주인공 ,작품 ,갯장어 장르 ,현대 파트 ,성장하다,새롭다,답답하다,대단하다,흥미롭다,어떻다,같다,미안하다,단순하다,없다,미치다,특정하다,만족스럽다,단순하다,미안하다
26,재벌 물 ,주인공 ,주인공 치킨 ,주변 인물 ,캐릭터 등장 ,있다,뛰어나다,독특하다,어떻다,같다,그렇다,없다,조용하다,아니다,어렵다,조용하다,까다롭다,없다,아니다,유치하다
27,NULL,NULL,NULL,NULL,NULL,NULL,NULL,NULL,NULL,NULL,NULL,NULL,NULL,NULL,NULL,NULL,NULL,NULL,NULL,NULL
28,유일신 ,주인공 ,작품 ,갓 메이커 ,성 미리 ,안되다,조용하다,그렇다,바쁘다,아쉽다,없다,아쉽다,바쁘다,공정하다,비슷하다,좋아하다,필요하다,드물다,진정하다,낮다
29,천 회귀 ,회차 목표 ,주인공 ,대륙 지배자 ,보스 등장 ,같다,암울하다,갑작스럽다,그렇다,유쾌하다,NULL,NULL,NULL,NULL,NULL,같다,갑작스럽다,암울하다,유쾌하다,그렇다
30,아이템 설명 ,먼치킨 성좌 ,초반 부 ,주인공 ,인공지능 ,있다,그렇다,성공하다,중요하다,얄팍하다,지독하다,얄팍하다,안되다,성장하다,엄청나다,NULL,NULL,NULL,NULL,NULL
31,연애 내용 ,순간 ,주인공 ,집 ,강화 ,없다,딱하다,같다,가능하다,엄청나다,NULL,NULL,NULL,NULL,NULL,NULL,NULL,NULL,NULL,NULL
32,NULL,NULL,NULL,NULL,NULL,NULL,NULL,NULL,NULL,NULL,NULL,NULL,NULL,NULL,NULL,NULL,NULL,NULL,NULL,NULL
33,멀린 ,마법 ,마나 하트 ,포스 베스 ,자신 ,부담스럽다,중요하다,정확하다,편하다,없다,NULL,NULL,NULL,NULL,NULL,의하다,충분하다,위대하다,엄청나다,아깝다
34,단우 현은 ,록 아 ,마 존 ,넘 강 ,무극 신마 ,좋다,인하다,무심하다,밉다,있다,NULL,NULL,NULL,NULL,NULL,NULL,NULL,NULL,NULL,NULL
35,아기 물 ,우 ,윤 ,다 아기 ,천재 배우 ,수많다,필요하다,희다,고만하다,있다,NULL,NULL,NULL,NULL,NULL,NULL,NULL,NULL,NULL,NULL
36,김 수운 ,행운 ,회사 ,회귀 물 ,출근 첫날 ,편하다,좋다,불행하다,흥미롭다,깔끔하다,깊다,아니다,괜찮다,재밌다,있다,기이하다,깔끔하다,심하다,흥미롭다,편하다
37,회귀 판타지 ,로드 그란데 ,다음 왕자 ,주인공 ,에선 주인공 ,가볍다,그렇다,같다,가능하다,무능하다,가볍다,그렇다,이렇다,흥미롭다,당연하다,NULL,NULL,NULL,NULL,NULL
38,NULL,NULL,NULL,NULL,NULL,NULL,NULL,NULL,NULL,NULL,NULL,NULL,NULL,NULL,NULL,NULL,NULL,NULL,NULL,NULL
39,사 파 ,주인공 ,무림 인 ,시스템 ,화전민 마을 ,다양하다,없다,빠르다,아니다,원하다,슬프다,특별하다,힘드다,연하다,좋다,안되다,아쉽다,참신하다,상당하다,재밌다
40,북 마교 ,무사 하차 ,선 작 ,신 ,리강 ,재미없다,흔하다,이렇다,어색하다,재밌다,깊숙하다,없다,강하다,비슷하다,같다,딱이다,재밌다,딱하다,무겁다,변하다
41,베 릭 ,레이 폴 ,로드 벨트 ,닐 족 ,레 딘 ,밉다,빠르다,빨르다,붉다,재밌다,NULL,NULL,NULL,NULL,NULL,무겁다,가볍다,자세하다,쏠쏠하다,힘드다
42,리어 한 ,게임 ,주인공 ,성민 ,달 토끼 ,성공하다,멸망하다,변하다,난하다,괜찮다,없다,어떻다,확실하다,있다,난하다,놀래다,상쾌하다,답답하다,어이없다,급격하다
43,물 ,사람 ,주인공 ,작가 ,보좌관 ,가볍다,재밌다,같다,좋다,많다,NULL,NULL,NULL,NULL,NULL,NULL,NULL,NULL,NULL,NULL
44,김 재주 ,탑 ,인방 물 ,포 포 ,주인공 ,젊다,뚜렷하다,있다,아깝다,재미있다,괜찮다,좋아하다,재밌다,소소하다,적응하다,싫어하다,솔직하다,필요없다,익숙하다,높다
45,NULL,NULL,NULL,NULL,NULL,아니다,아쉽다,재미있다,같다,좋다,있다,재미있다,아니다,안녕하다,당하다,NULL,NULL,NULL,NULL,NULL
46,주인공 ,형사 물 ,재벌 아들 ,현대 판타지 ,게임 방송 ,거대하다,다양하다,빠르다,힘들다,부옇다,간략하다,유연하다,재미있다,신나다,부옇다,NULL,NULL,NULL,NULL,NULL
47,양 세가 ,주인공 ,활 심 ,영 마가 ,마지막 비인 ,있다,그렇다,필요하다,성공하다,오만하다,재미있다,그렇다,오만하다,얄밉다,변하다,NULL,NULL,NULL,NULL,NULL
48,작품 작가 ,금 수저 ,아기 때 ,주인공 ,회귀 ,있다,인하다,싫다,아니다,좋다,궁금하다,가능하다,환생하다,없다,이렇다,NULL,NULL,NULL,NULL,NULL
49,마지막 결전 ,주인공 ,힘 ,반지 ,아버지 ,아니다,없다,새롭다,재미있다,있다,NULL,NULL,NULL,NULL,NULL,NULL,NULL,NULL,NULL,NULL
50,NULL,NULL,NULL,NULL,NULL,NULL,NULL,NULL,NULL,NULL,NULL,NULL,NULL,NULL,NULL,NULL,NULL,NULL,NULL,NULL
51,급 스키 ,김 공자 ,주인공 ,회귀 물 ,노아 작가 ,아무렇다,단순하다,끊임없다,빈약하다,실패하다,독특하다,신선하다,탄탄하다,부실하다,익숙하다,NULL,NULL,NULL,NULL,NULL
52,임 말 ,한 건사 ,익 문 ,입 신체 ,빙 ,쌈박하다,상관없다,재밌다,깊다,신기하다,NULL,NULL,NULL,NULL,NULL,NULL,NULL,NULL,NULL,NULL
53,NULL,NULL,NULL,NULL,NULL,잘생기다,그렇다,아니다,꼬이다,똑같다,있다,아니다,좋아하다,그렇다,꼬이다,NULL,NULL,NULL,NULL,NULL
54,매니저 물 ,전생 이 ,설정 ,주인공 능력 ,작품 ,그렇다,안되다,같다,있다,아니다,NULL,NULL,NULL,NULL,NULL,적당하다,좋다,인하다,굉장하다,좋아하다
55,벼랑 끝 ,막장 드라마 속 ,현대 판타지 ,작품 바로 가기 ,이벤트 안녕하세요 ,어떻다,착하다,성공하다,수많다,같다,NULL,NULL,NULL,NULL,NULL,무의미하다,좋다,유치하다,아니다,충실하다
56,표 국 ,진호 ,석가 장 ,탁 윤 ,당 하린 ,그렇다,있다,아니다,없다,의하다,NULL,NULL,NULL,NULL,NULL,NULL,NULL,NULL,NULL,NULL
57,휴 이 ,복수 ,밀림 ,힘 ,동료 ,빠르다,특별하다,지겹다,없다,차갑다,빠르다,특별하다,수많다,지겹다,찬란하다,NULL,NULL,NULL,NULL,NULL
58,컬러 립 ,샷 오브 ,오일 틴트 ,공통 루트 ,중병 캐릭터 ,유명하다,곤란하다,평범하다,귀엽다,안녕하다,인하다,같다,당하다,맑다,발랄하다,청순하다,발랄하다,있다,원하다,인하다
59,명장 이태수 ,세계 최고 ,회귀 ,스토리 ,승승장구 ,새롭다,안녕하다,딱하다,없다,부탁드리다,있다,부탁드리다,재밌다,어떻다,휩쓸다,NULL,NULL,NULL,NULL,NULL
60,NULL,NULL,NULL,NULL,NULL,NULL,NULL,NULL,NULL,NULL,NULL,NULL,NULL,NULL,NULL,NULL,NULL,NULL,NULL,NULL
61,NULL,NULL,NULL,NULL,NULL,새롭다,안녕하다,좋다,없다,평범하다,있다,재미있다,갑작스럽다,부드럽다,안녕하다,NULL,NULL,NULL,NULL,NULL
62,NULL,NULL,NULL,NULL,NULL,같다,어떻다,성스럽다,곱다,있다,NULL,NULL,NULL,NULL,NULL,NULL,NULL,NULL,NULL,NULL
63,주인공 ,성장 ,어비스 ,총 ,자신 ,같다,의하다,시원하다,흔하다,흥미롭다,무섭다,드물다,같다,흔하다,평범하다,NULL,NULL,NULL,NULL,NULL
64,축구 가방 ,앵 귤 ,대표 팀 ,에릭 센 ,쿠션 제품 ,패배하다,어이없다,재미없다,무뚝뚝하다,더럽다,NULL,NULL,NULL,NULL,NULL,무섭다,젊다,길다,부럽다,낮다
65,NULL,NULL,NULL,NULL,NULL,NULL,NULL,NULL,NULL,NULL,NULL,NULL,NULL,NULL,NULL,NULL,NULL,NULL,NULL,NULL
66,NULL,NULL,NULL,NULL,NULL,성공하다,신선하다,비상하다,허무하다,좋다,신선하다,있다,높다,찬란하다,이렇다,NULL,NULL,NULL,NULL,NULL
67,완 ,강혁 ,드 마스터 ,최강 프로게이머 ,켄 신 ,같다,안되다,있다,불편하다,이렇다,이렇다,기대하다,가볍다,안되다,딱이다,NULL,NULL,NULL,NULL,NULL
68,러 레 ,키 프로 ,전나무 성 ,메 티오 ,로 지아 ,높다,당연하다,허무하다,이렇다,낮다,재밌다,안되다,없다,빼어나다,중요하다,젊다,이쁘다,이렇다,비슷하다,낮다
69,우연 우 ,아이돌 물 ,문 피아 ,현대 판타지 ,소머리 요괴 ,쎄다,불쾌하다,오싹하다,거만하다,그렇다,안녕하다,비슷하다,빡치다,선명하다,잘생기다,오싹하다,강하다,불쾌하다,쎄다,익숙하다
70,유명 ,연기 ,존재 감 ,문 유석 ,연 귀 ,철저하다,힘드다,불편하다,성공하다,기쁘다,흥미롭다,가볍다,지루하다,안타깝다,느리다,NULL,NULL,NULL,NULL,NULL
71,브리 센 ,칼리안 ,카이 리스 ,티 아 ,레 넌 ,차분하다,간단하다,아프다,스럽다,흥미롭다,꾸준하다,힘들다,안녕하다,치열하다,어지간하다,확실하다,다행하다,의하다,없다,슬프다
72,김진 모 ,안시현 ,필 감독 ,회귀 전 ,차기 작 ,괜찮다,아니다,빠르다,가능하다,길다,NULL,NULL,NULL,NULL,NULL,차갑다,어리바리하다,자연스럽다,많다,망하다
73,부검 내용 ,검시관 스토리 ,요괴 ,주인공 ,택 ,있다,흔하다,의하다,아니다,힘드다,있다,독하다,흔하다,의하다,흥미롭다,NULL,NULL,NULL,NULL,NULL
74,레일 ,필스 타인 ,엘프 ,우 포 ,퓨전 판타지 ,좋다,뛰어나다,힘드다,필요하다,있다,NULL,NULL,NULL,NULL,NULL,NULL,NULL,NULL,NULL,NULL
75,강 태우 ,마 홍매 ,돈 ,생각 ,봉 추 ,덥다,쏠쏠하다,어느새다,시끄럽다,같다,NULL,NULL,NULL,NULL,NULL,NULL,NULL,NULL,NULL,NULL
76,양봉 장르 ,이벤트 안녕하세요 ,무료 선물 ,저자 ,세계 ,갑작스럽다,힘들다,건강하다,인하다,없다,갑작스럽다,건강하다,힘들다,재미있다,인하다,NULL,NULL,NULL,NULL,NULL
77,그룹 ,주인공 ,범람 ,스토리 ,성공 ,처참하다,같다,여전하다,당하다,좋다,있다,재미있다,안녕하다,억울하다,좋아하다,NULL,NULL,NULL,NULL,NULL
78,주인공 ,성장 ,비트코인 ,이야기 ,회사 ,아쉽다,성공하다,궁금하다,즐겁다,흥미롭다,더하다,궁금하다,흥미롭다,있다,즐겁다,NULL,NULL,NULL,NULL,NULL
79,추천 추 ,무한 전생 ,당 결제 ,방랑 기사 ,이 세계 ,망하다,박하다,없다,있다,즐겁다,재미있다,아니다,없다,같다,재밌다,NULL,NULL,NULL,NULL,NULL
80,임 말 ,미 해군 ,역사 물 ,근육 조선 ,북한 ,든든하다,적합하다,중요하다,수많다,우수하다,방대하다,깊다,여전하다,느리다,막연하다,NULL,NULL,NULL,NULL,NULL
81,미카엘 ,레온 이 ,메이비 게임 ,여주 ,마르타 공주 ,다행하다,어색하다,있다,가볍다,아련하다,까맣다,궁금하다,없다,미안하다,부끄럽다,어색하다,뻔하다,나쁘다,멋지다,예쁘다
82,이 카드 ,이야기 바다 ,파 로키 ,하루 ,자신 묘지 ,파란만장하다,미천하다,직하다,성장하다,강하다,탄탄하다,간략하다,직하다,무겁다,지루하다,색다르다,아쉽다,판이하다,독특하다,상당하다
83,NULL,NULL,NULL,NULL,NULL,NULL,NULL,NULL,NULL,NULL,NULL,NULL,NULL,NULL,NULL,NULL,NULL,NULL,NULL,NULL
84,광 마 ,검 비달 ,문 피아 ,무협 작품 ,천하제일 인 ,같다,좋다,비슷하다,아니다,망하다,NULL,NULL,NULL,NULL,NULL,상관없다,유치하다,좋아하다,새롭다,이렇다
85,NULL,NULL,NULL,NULL,NULL,NULL,NULL,NULL,NULL,NULL,NULL,NULL,NULL,NULL,NULL,NULL,NULL,NULL,NULL,NULL
86,중반 부 ,주인공 ,메인 스토리 ,성장 ,언데드 ,있다,높다,약하다,강하다,성장하다,약하다,갑작스럽다,높다,아쉽다,있다,NULL,NULL,NULL,NULL,NULL
87,경훈 ,진샤 웨이 ,마나 석 ,평행 차원 ,강경 훈 ,평범하다,미묘하다,비슷하다,느리다,성장하다,뻔하다,싫어하다,충분하다,수많다,맛있다,막막하다,좁다,뻔하다,큼지막하다,맛있다
88,기 영 ,주인공 ,주인공 이기영 ,사람 ,흙 수저 ,독특하다,없다,있다,뛰어나다,특이하다,가볍다,상당하다,이러하다,색다르다,예쁘다,특이하다,가볍다,그러하다,정확하다,느리다
89,담 화공 ,판게아 대륙 ,주인공 ,강철 인 ,대군주 ,어느새다,엄청나다,치열하다,적응하다,인하다,어떻다,두렵다,의하다,특출나다,원하다,NULL,NULL,NULL,NULL,NULL
90,던전 농지 ,헌터 물 ,바위 벌 ,건우 ,주인공 ,가능하다,답답하다,황당하다,순진하다,무책임하다,적합하다,귀엽다,굉장하다,순하다,평화롭다,황당하다,무책임하다,가능하다,잔잔하다,흔하다
91,마 족 ,마계 인류 ,엑셀 트리오 ,용 혈 ,인마 대전 ,충분하다,의하다,인하다,그렇다,가깝다,가깝다,특별하다,독하다,넘치다,없다,변하다,화하다,독하다,없다,아프다
92,보안관 사상 ,글 ,판타지 무협 ,작품 ,업 회귀 ,뛰어나다,평화롭다,판무하다,강화하다,훈훈하다,암울하다,끔찍하다,자세하다,그릇되다,변하다,우울하다,급격하다,이렇다,그릇되다,당연하다
93,웹 소 ,텔 기아 ,직 관력 ,재앙 ,연재 주인공 ,불편하다,진실되다,두렵다,특출나다,복잡하다,멋지다,급하다,일정하다,쓸데없다,작다,재미없다,귀찮다,이러하다,아리송하다,싫다
5001,NULL,NULL,NULL,NULL,NULL,NULL,NULL,NULL,NULL,NULL,NULL,NULL,NULL,NULL,NULL,NULL,NULL,NULL,NULL,NULL
5002,NULL,NULL,NULL,NULL,NULL,NULL,NULL,NULL,NULL,NULL,NULL,NULL,NULL,NULL,NULL,NULL,NULL,NULL,NULL,NULL
5003,NULL,NULL,NULL,NULL,NULL,NULL,NULL,NULL,NULL,NULL,NULL,NULL,NULL,NULL,NULL,NULL,NULL,NULL,NULL,NULL
5004,NULL,NULL,NULL,NULL,NULL,NULL,NULL,NULL,NULL,NULL,NULL,NULL,NULL,NULL,NULL,NULL,NULL,NULL,NULL,NULL
5005,NULL,NULL,NULL,NULL,NULL,NULL,NULL,NULL,NULL,NULL,NULL,NULL,NULL,NULL,NULL,NULL,NULL,NULL,NULL,NULL
5006,이 여주 ,부인 백작 ,내용 ,여주인공 ,황제 ,복잡하다,있다,부족하다,없다,같다,사소하다,다양하다,전무하다,무섭다,이쁘다,NULL,NULL,NULL,NULL,NULL
5008,NULL,NULL,NULL,NULL,NULL,NULL,NULL,NULL,NULL,NULL,NULL,NULL,NULL,NULL,NULL,NULL,NULL,NULL,NULL,NULL
5009,가을 심부름센터 ,자신 ,현성 ,과거 ,남 ,없다,기쁘다,힘겹다,같다,그을리다,NULL,NULL,NULL,NULL,NULL,NULL,NULL,NULL,NULL,NULL
5010,NULL,NULL,NULL,NULL,NULL,NULL,NULL,NULL,NULL,NULL,NULL,NULL,NULL,NULL,NULL,NULL,NULL,NULL,NULL,NULL
5011,NULL,NULL,NULL,NULL,NULL,NULL,NULL,NULL,NULL,NULL,NULL,NULL,NULL,NULL,NULL,NULL,NULL,NULL,NULL,NULL
5012,남 주 ,남 주 ,여주 ,주가 ,매우 취향 ,NULL,NULL,NULL,NULL,NULL,NULL,NULL,NULL,NULL,NULL,NULL,NULL,NULL,NULL,NULL
5013,이준기 ,사람 ,남자 배우 ,을 방영 ,때 ,심각하다,아무렇다,희다,자만하다,강렬하다,곱다,힘들다,추하다,성숙하다,조용하다,정교하다,그러하다,대단하다,깊다,가혹하다
5014,윤 혜 ,은영 전 ,알코올 중독자 ,사람 ,욕망 속 ,당혹스럽다,부담스럽다,차갑다,가능하다,상냥하다,지루하다,부담스럽다,당혹스럽다,싫어하다,흥미롭다,NULL,NULL,NULL,NULL,NULL
5016,NULL,NULL,NULL,NULL,NULL,NULL,NULL,NULL,NULL,NULL,NULL,NULL,NULL,NULL,NULL,NULL,NULL,NULL,NULL,NULL
5017,NULL,NULL,NULL,NULL,NULL,NULL,NULL,NULL,NULL,NULL,NULL,NULL,NULL,NULL,NULL,NULL,NULL,NULL,NULL,NULL
5018,NULL,NULL,NULL,NULL,NULL,NULL,NULL,NULL,NULL,NULL,NULL,NULL,NULL,NULL,NULL,NULL,NULL,NULL,NULL,NULL
5019,영화 ,캐스 톨 ,감독 자신 ,사랑 이야기 ,카 일리 ,부패하다,당연하다,멋지다,두근거리다,독특하다,끊임없다,담담하다,굉장하다,시시콜콜하다,작다,담담하다,유쾌하다,소소하다,넘치다,평범하다
5020,NULL,NULL,NULL,NULL,NULL,NULL,NULL,NULL,NULL,NULL,NULL,NULL,NULL,NULL,NULL,NULL,NULL,NULL,NULL,NULL
5021,여주 ,남 주 ,꽃 궁녀 ,암투 물 ,개리 ,NULL,NULL,NULL,NULL,NULL,NULL,NULL,NULL,NULL,NULL,끈적끈적하다,원하다,이렇다,가깝다,아니다
5022,책 ,마케팅 ,영어 ,때 ,인문학 ,성장하다,지루하다,괜찮다,잘생기다,딴다,버겁다,수월하다,멋지다,아깝다,비싸다,적합하다,잔인하다,무겁다,좋아하다,더럽다
5023,남 주 ,서 평단 ,민영 앞 ,토의 달 ,은정 작가 ,간절하다,더하다,작다,빡치다,불과하다,NULL,NULL,NULL,NULL,NULL,NULL,NULL,NULL,NULL,NULL
5024,무연 ,홍이 ,모습 ,사랑 이야기 ,마음 ,아니다,어떠하다,안녕하다,예쁘다,굳다,NULL,NULL,NULL,NULL,NULL,조심스럽다,저렇다,잔잔하다,아프다,아름답다
5025,서진 우 ,남 주 ,여주 은행 ,남자 ,상사 성현 ,NULL,NULL,NULL,NULL,NULL,NULL,NULL,NULL,NULL,NULL,아쉽다,담백하다,착하다,드세다,상냥하다
5026,안나 ,크리스토프 ,말 ,연 ,엘사 ,화사하다,잘생기다,새까맣다,새롭다,불쌍하다,부옇다,충분하다,잘생기다,유쾌하다,불쌍하다,맑다,여전하다,있다,멀다,어떻다
5027,우즈 벡 ,포토 저널리스트 ,한국 ,사람 ,영화 ,성급하다,간략하다,유치하다,어여쁘다,방탕하다,주제넘다,반하다,무뚝뚝하다,면밀하다,가능하다,휩쓸다,어리석다,무모하다,신선하다,자랑스럽다
5028,윤 공현 ,남 주 ,이준 ,패키지 피파 ,협박 범 ,불쌍하다,이쁘다,버겁다,멀다,영원하다,높다,충분하다,가능하다,가볍다,무겁다,탄탄하다,반갑다,충분하다,덜하다,높다
5029,남 주 ,말 ,손 절 ,페르난도 노인 ,사람 ,귀엽다,적당하다,안되다,흐뭇다,편안하다,재밌다,도도하다,집요하다,귀엽다,잘맞다,황당하다,급격하다,너그럽다,끊임없다,피로하다
5030,NULL,NULL,NULL,NULL,NULL,NULL,NULL,NULL,NULL,NULL,NULL,NULL,NULL,NULL,NULL,NULL,NULL,NULL,NULL,NULL
5031,NULL,NULL,NULL,NULL,NULL,NULL,NULL,NULL,NULL,NULL,NULL,NULL,NULL,NULL,NULL,NULL,NULL,NULL,NULL,NULL
501,망생 이 ,피아 아카데미 ,태민 작가 ,후 ,정도 ,있다,없다,슬기롭다,적당하다,어떻다,이상하다,슬기롭다,바쁘다,아니다,적당하다,NULL,NULL,NULL,NULL,NULL
502,강 도준 ,팬 미팅 ,주연 배우 ,뉴 베이커리 ,영화 촬영 ,잘생기다,없다,잘나다,같다,편하다,NULL,NULL,NULL,NULL,NULL,NULL,NULL,NULL,NULL,NULL
503,학 신 ,로 셀 ,뱅 퀴어 ,판타지 마법 ,중생 ,좋아하다,유치하다,같다,검다,어떻다,가능하다,힘들다,그렇다,넓다,진지하다,비슷하다,건조하다,없다,가깝다,아니다
504,NULL,NULL,NULL,NULL,NULL,NULL,NULL,NULL,NULL,NULL,NULL,NULL,NULL,NULL,NULL,NULL,NULL,NULL,NULL,NULL
505,NULL,NULL,NULL,NULL,NULL,같다,화려하다,있다,흔하다,특이하다,NULL,NULL,NULL,NULL,NULL,NULL,NULL,NULL,NULL,NULL
506,메 모라 ,주인공 ,설지 후 ,로 유진 ,패 러 ,변하다,또렷하다,단순하다,올바르다,원하다,있다,덜하다,끊임없다,간단하다,애매하다,유쾌하다,유사하다,굉장하다,간략하다,여전하다
507,영화 촬영 ,히치콕 ,여성 ,감독 ,마가 ,NULL,NULL,NULL,NULL,NULL,NULL,NULL,NULL,NULL,NULL,NULL,NULL,NULL,NULL,NULL
508,NULL,NULL,NULL,NULL,NULL,NULL,NULL,NULL,NULL,NULL,NULL,NULL,NULL,NULL,NULL,NULL,NULL,NULL,NULL,NULL
509,입 니다 ,주인공 은자 ,계약 ,전자 ,작업 ,즐겁다,안녕하다,없다,나쁘다,당하다,흥미롭다,없다,가볍다,당하다,좋다,NULL,NULL,NULL,NULL,NULL
510,주식 경험 ,주인공 ,말 ,군대 ,포상 ,같다,없다,괜찮다,있다,신기하다,같다,없다,그렇다,흔하다,괜찮다,NULL,NULL,NULL,NULL,NULL
511,NULL,NULL,NULL,NULL,NULL,NULL,NULL,NULL,NULL,NULL,NULL,NULL,NULL,NULL,NULL,NULL,NULL,NULL,NULL,NULL
512,NULL,NULL,NULL,NULL,NULL,NULL,NULL,NULL,NULL,NULL,NULL,NULL,NULL,NULL,NULL,NULL,NULL,NULL,NULL,NULL
513,아스 날 ,주인공 ,축구 선수 ,활약 ,선수 ,성공하다,같다,미치다,있다,많다,있다,성공하다,헷갈리다,같다,많다,NULL,NULL,NULL,NULL,NULL
514,농사 물 ,세 농 ,디펜스 세계수 ,씹 창 ,기능 차원 ,좋아하다,아니다,간단하다,어렵다,긴박하다,긴박하다,빠르다,좋아하다,어렵다,간단하다,좋아하다,긴박하다,간단하다,빠르다,어렵다
515,작 연 ,일연 ,대체 역사 ,역대 급 ,자연 구분 ,NULL,NULL,NULL,NULL,NULL,NULL,NULL,NULL,NULL,NULL,NULL,NULL,NULL,NULL,NULL
516,NULL,NULL,NULL,NULL,NULL,같다,성공하다,재밌다,없다,특별하다,NULL,NULL,NULL,NULL,NULL,NULL,NULL,NULL,NULL,NULL
517,NULL,NULL,NULL,NULL,NULL,NULL,NULL,NULL,NULL,NULL,NULL,NULL,NULL,NULL,NULL,NULL,NULL,NULL,NULL,NULL
518,NULL,NULL,NULL,NULL,NULL,NULL,NULL,NULL,NULL,NULL,NULL,NULL,NULL,NULL,NULL,NULL,NULL,NULL,NULL,NULL
519,유성우 ,권 속 ,오크 보스 ,악마 진영 ,마 굴 ,치밀하다,불가능하다,그렇다,적응하다,대단하다,괜찮다,궁금하다,짧다,높다,가득하다,NULL,NULL,NULL,NULL,NULL
520,글 로즈 ,시 후 ,보이 그룹 ,남 돌 ,류 레이블 ,있다,향기롭다,좋다,없다,조용하다,NULL,NULL,NULL,NULL,NULL,NULL,NULL,NULL,NULL,NULL
521,센티 넬 ,조아라 현재 ,설정 길잡이 ,심해 경 ,소녀 전선 ,괴롭다,건방지다,인하다,야하다,불안정하다,건방지다,추하다,짧다,야하다,흔하다,유쾌하다,꾸준하다,안좋다,미치다,팍팍하다
522,임 말 ,문 피아 ,연중 작가 ,링크 대역 ,조선 ,힘들다,깊다,어중간하다,힘드다,어색하다,힘드다,정확하다,힘들다,어지간하다,재미없다,NULL,NULL,NULL,NULL,NULL
523,NULL,NULL,NULL,NULL,NULL,NULL,NULL,NULL,NULL,NULL,NULL,NULL,NULL,NULL,NULL,NULL,NULL,NULL,NULL,NULL
524,유비 ,능력 ,미래 ,인물 ,인재 ,NULL,NULL,NULL,NULL,NULL,NULL,NULL,NULL,NULL,NULL,NULL,NULL,NULL,NULL,NULL
526,란 테 ,홍 주영 ,아시 ,게임 ,게임 ,짧다,단순하다,특출나다,이렇다,손쉽다,NULL,NULL,NULL,NULL,NULL,NULL,NULL,NULL,NULL,NULL
527,NULL,NULL,NULL,NULL,NULL,묵직하다,이렇다,변하다,기대하다,인하다,NULL,NULL,NULL,NULL,NULL,NULL,NULL,NULL,NULL,NULL
528,NULL,NULL,NULL,NULL,NULL,NULL,NULL,NULL,NULL,NULL,NULL,NULL,NULL,NULL,NULL,NULL,NULL,NULL,NULL,NULL
529,NULL,NULL,NULL,NULL,NULL,NULL,NULL,NULL,NULL,NULL,NULL,NULL,NULL,NULL,NULL,NULL,NULL,NULL,NULL,NULL
530,NULL,NULL,NULL,NULL,NULL,NULL,NULL,NULL,NULL,NULL,NULL,NULL,NULL,NULL,NULL,NULL,NULL,NULL,NULL,NULL
531,NULL,NULL,NULL,NULL,NULL,NULL,NULL,NULL,NULL,NULL,NULL,NULL,NULL,NULL,NULL,NULL,NULL,NULL,NULL,NULL
532,NULL,NULL,NULL,NULL,NULL,NULL,NULL,NULL,NULL,NULL,NULL,NULL,NULL,NULL,NULL,NULL,NULL,NULL,NULL,NULL
533,운 학 ,장삼 ,심 법 ,장 무기 ,파 천성 ,싫어하다,비슷하다,재밌다,색다르다,아니다,NULL,NULL,NULL,NULL,NULL,이상하다,위대하다,힘드다,검다,기쁘다
534,주인공 ,무림 맹주 ,벽 하진 ,마 봉기 ,송화 린 ,안되다,유일하다,아무렇다,성공하다,비싸다,검다,평범하다,지루하다,뛰어나다,착하다,확실하다,필요하다,수많다,미치다,행복하다
535,김 건의 ,축복 속 ,재능 ,글 ,목소리 ,흔하다,스럽다,다양하다,좋아하다,가난하다,NULL,NULL,NULL,NULL,NULL,NULL,NULL,NULL,NULL,NULL
536,남 기갑 ,메카 물 ,아 카 ,이 세계 ,사상 최강 ,교묘하다,진하다,미치다,그만하다,없다,성장하다,야릇하다,어떻다,솔직하다,고맙다,출중하다,고맙다,분명하다,성장하다,중요하다
537,헌터 물 ,김재한 작가 ,용 마검 ,주인공 ,현대 판타지 ,방대하다,길다,스럽다,미치다,참신하다,다양하다,그렇다,이렇다,인하다,원하다,NULL,NULL,NULL,NULL,NULL
538,금 태식 ,상현 ,스컬 길드 ,중층 도시 ,부활 룰렛 ,비슷하다,가능하다,다르다,고맙다,두렵다,편하다,깔끔하다,이롭다,궁금하다,싫다,무겁다,가볍다,웬만하다,충분하다,엄청나다
539,랜드 시네마 ,인자 김성균 ,연기 사실 ,최민식 ,하정우 ,있다,같다,당하다,많다,안되다,많다,있다,같다,그렇다,안되다,있다,같다,안되다,많다,이상하다
540,주인공 ,게임 판타지 ,김 갈비뼈 ,공비 급 ,뽑기 시스템 ,있다,그렇다,강하다,같다,무시무시하다,극심하다,높다,상당하다,재미있다,없다,유일하다,짧다,다양하다,불필요하다,궁핍하다
541,NULL,NULL,NULL,NULL,NULL,NULL,NULL,NULL,NULL,NULL,NULL,NULL,NULL,NULL,NULL,NULL,NULL,NULL,NULL,NULL
542,사전 예약 ,군단 시스템 ,게임 쿠폰 ,게임 ,매지 션 ,따뜻하다,작다,시원시원하다,이렇다,다행하다,깊다,빨르다,필요하다,탄탄하다,짜증나다,NULL,NULL,NULL,NULL,NULL
543,원숭이 ,주인공 ,무공 ,후기 ,주인공 ,억울하다,당하다,이러하다,없다,찰지다,그렇다,있다,흔하다,아니다,찰지다,NULL,NULL,NULL,NULL,NULL
544,NULL,NULL,NULL,NULL,NULL,NULL,NULL,NULL,NULL,NULL,NULL,NULL,NULL,NULL,NULL,NULL,NULL,NULL,NULL,NULL
545,검 림 ,이서 휘 ,주인공 ,마 존 ,옥 의 ,있다,파렴치하다,새롭다,빠르다,패배하다,멋있다,아깝다,흥미롭다,굵다,애매하다,매끄럽다,소중하다,유쾌하다,부족하다,특이하다
546,어 빌 ,소녀 마나 ,애슈턴 스미스 ,한정 공증 ,속성 저항 ,재미있다,뚜렷하다,이렇다,엄청나다,반하다,멋있다,뚜렷하다,재미있다,엄청나다,졸렬하다,시시하다,재밌다,좋아하다,뛰어나다,완전하다
547,의 제왕 ,주인공 ,마 물 ,마나 블레이드 ,전투 상대 ,똑같다,우승하다,특출나다,흔하다,가득하다,NULL,NULL,NULL,NULL,NULL,NULL,NULL,NULL,NULL,NULL
548,NULL,NULL,NULL,NULL,NULL,NULL,NULL,NULL,NULL,NULL,NULL,NULL,NULL,NULL,NULL,NULL,NULL,NULL,NULL,NULL
549,유현 작가 ,헌터 시스템 ,먼치킨 캐릭터 ,혁 무림 ,무협 세계 ,높다,신선하다,탄탄하다,싸하다,시원하다,자세하다,적절하다,그렇다,지루하다,깔끔하다,NULL,NULL,NULL,NULL,NULL
550,신지 후 ,테 르 ,신우 혁 ,데뷔 앨범 ,버스 킹 ,이렇다,넘치다,없다,망하다,있다,같다,변하다,넘치다,다르다,미치다,NULL,NULL,NULL,NULL,NULL
551,NULL,NULL,NULL,NULL,NULL,NULL,NULL,NULL,NULL,NULL,NULL,NULL,NULL,NULL,NULL,NULL,NULL,NULL,NULL,NULL
552,영화 ,디트로이트 빈민가 ,오컬트 아이템 ,추천 말 ,작품 ,재밌다,처절하다,성공하다,아쉽다,으스스하다,NULL,NULL,NULL,NULL,NULL,있다,섬뜩하다,무섭다,그렇다,많다
553,NULL,NULL,NULL,NULL,NULL,NULL,NULL,NULL,NULL,NULL,NULL,NULL,NULL,NULL,NULL,NULL,NULL,NULL,NULL,NULL
554,주인공 ,사람 ,작가 ,좀비 ,전화 ,힘드다,뒤늦다,힘들다,유일하다,같다,NULL,NULL,NULL,NULL,NULL,NULL,NULL,NULL,NULL,NULL
555,NULL,NULL,NULL,NULL,NULL,NULL,NULL,NULL,NULL,NULL,NULL,NULL,NULL,NULL,NULL,NULL,NULL,NULL,NULL,NULL
556,NULL,NULL,NULL,NULL,NULL,무능하다,같다,착하다,좋아하다,없다,NULL,NULL,NULL,NULL,NULL,NULL,NULL,NULL,NULL,NULL
557,미래 지식 ,미래 지식 ,추천 추 ,뽕 기술 ,이 세계 ,희다,유치하다,아니다,있다,평범하다,흥미롭다,멍청하다,그렇다,같다,다르다,NULL,NULL,NULL,NULL,NULL
558,빙의 물 ,주인공 ,하차 ,독 ,마 새 ,많다,신선하다,전무하다,유일하다,아니다,야하다,갑작스럽다,황당하다,낭비하다,멀쩡하다,NULL,NULL,NULL,NULL,NULL
559,NULL,NULL,NULL,NULL,NULL,NULL,NULL,NULL,NULL,NULL,NULL,NULL,NULL,NULL,NULL,NULL,NULL,NULL,NULL,NULL
560,이상 정주 ,마법 력 ,문 피아 ,작품 ,드 립 ,멸망하다,신선하다,필요하다,힘드다,안되다,풍부하다,아니다,있다,안녕하다,하얗다,싸하다,아쉽다,괜찮다,곱다,아깝다
561,물 축구 ,회귀 ,구단 이야기 ,팀 ,주인공 ,뛰어나다,성공하다,많다,힘들다,성장하다,다름없다,많다,뛰어나다,강하다,재미있다,NULL,NULL,NULL,NULL,NULL
562,NULL,NULL,NULL,NULL,NULL,NULL,NULL,NULL,NULL,NULL,NULL,NULL,NULL,NULL,NULL,NULL,NULL,NULL,NULL,NULL
563,NULL,NULL,NULL,NULL,NULL,같다,유쾌하다,불쾌하다,어지간하다,없다,NULL,NULL,NULL,NULL,NULL,NULL,NULL,NULL,NULL,NULL
564,여주 물 ,프롤로그 스토리 ,로 판 ,레드 세인트 ,추 구만리 ,검다,애매하다,평범하다,당하다,솔직하다,애매하다,검다,평범하다,당하다,솔직하다,신선하다,좋다,안되다,부탁드리다,아니다
565,NULL,NULL,NULL,NULL,NULL,NULL,NULL,NULL,NULL,NULL,NULL,NULL,NULL,NULL,NULL,NULL,NULL,NULL,NULL,NULL
566,게임 속 ,암 케나 ,한 ,게임 ,타오 니어 ,능숙하다,진지하다,뻔하다,어떠하다,이러하다,성장하다,힘겹다,능숙하다,냉정하다,악랄하다,처참하다,처절하다,친밀하다,소박하다,무겁다
567,NULL,NULL,NULL,NULL,NULL,NULL,NULL,NULL,NULL,NULL,NULL,NULL,NULL,NULL,NULL,NULL,NULL,NULL,NULL,NULL
568,의료 권력 ,능력 ,교통사고 ,아버지 ,의료 ,답답하다,시원하다,명확하다,같다,있다,NULL,NULL,NULL,NULL,NULL,NULL,NULL,NULL,NULL,NULL
569,NULL,NULL,NULL,NULL,NULL,뻔하다,안녕하다,느리다,좋아하다,좋다,안녕하다,좋아하다,뻔하다,좋다,느리다,NULL,NULL,NULL,NULL,NULL
570,주인공 ,탑 ,세계 완결 ,마이아 드 ,주인공 속 ,미묘하다,바쁘다,실패하다,있다,가능하다,가볍다,비슷하다,참신하다,난데없다,단순하다,NULL,NULL,NULL,NULL,NULL
571,무사시 리즈 ,무협 환 ,작품 욕 ,하차 한무 ,무사 연재 ,아니다,암약하다,유명하다,많다,성장하다,성장하다,익숙하다,같다,어렵다,솔직하다,NULL,NULL,NULL,NULL,NULL
572,NULL,NULL,NULL,NULL,NULL,신선하다,안녕하다,반하다,재미있다,좋아하다,재미있다,있다,재밌다,아니다,반하다,NULL,NULL,NULL,NULL,NULL
573,작품 천재 ,주인공 ,재능 충 ,피지컬 괴물 ,주인공 이 ,있다,없다,엄청나다,좋다,재미있다,힘드다,엄청나다,흥미롭다,어떻다,빨르다,편하다,필요하다,괜찮다,충실하다,흔하다
574,강 한진 ,노인 은 ,이 미 ,빗 토끼 ,한 가게 ,NULL,NULL,NULL,NULL,NULL,탱탱하다,없다,재밌다,굳다,깊다,NULL,NULL,NULL,NULL,NULL
575,NULL,NULL,NULL,NULL,NULL,NULL,NULL,NULL,NULL,NULL,NULL,NULL,NULL,NULL,NULL,NULL,NULL,NULL,NULL,NULL
576,NULL,NULL,NULL,NULL,NULL,NULL,NULL,NULL,NULL,NULL,NULL,NULL,NULL,NULL,NULL,NULL,NULL,NULL,NULL,NULL
577,NULL,NULL,NULL,NULL,NULL,NULL,NULL,NULL,NULL,NULL,NULL,NULL,NULL,NULL,NULL,NULL,NULL,NULL,NULL,NULL
578,드 드래곤 ,션 프로토콜 ,네크론 유닛 ,파편 달 ,때 ,위험하다,흥미롭다,명확하다,어느새다,덥다,명확하다,어느새다,가깝다,뾰족뾰족하다,위험하다,중요하다,충분하다,멋지다,기발하다,더럽다
579,NULL,NULL,NULL,NULL,NULL,NULL,NULL,NULL,NULL,NULL,NULL,NULL,NULL,NULL,NULL,NULL,NULL,NULL,NULL,NULL
580,NULL,NULL,NULL,NULL,NULL,귀엽다,단순하다,나쁘다,재밌다,상당하다,NULL,NULL,NULL,NULL,NULL,NULL,NULL,NULL,NULL,NULL
581,뉴 월드 ,생산 건물 ,신 내정 ,돈 게임 ,자신 ,못지않다,아니다,불편하다,어떻다,있다,NULL,NULL,NULL,NULL,NULL,NULL,NULL,NULL,NULL,NULL
582,NULL,NULL,NULL,NULL,NULL,안녕하다,단순하다,재미있다,좋아하다,나쁘다,재미있다,갑작스럽다,안녕하다,단순하다,좋아하다,NULL,NULL,NULL,NULL,NULL
583,택시 기사 ,사람 ,블랙 캡 ,책 사랑 ,신입사원 연수 ,NULL,NULL,NULL,NULL,NULL,평탄하다,필요하다,고통스럽다,무겁다,짧다,NULL,NULL,NULL,NULL,NULL
584,주인공 ,스키 ,바로 ,시간 ,지구인 ,안전하다,같다,안녕하다,다양하다,두렵다,NULL,NULL,NULL,NULL,NULL,NULL,NULL,NULL,NULL,NULL
585,NULL,NULL,NULL,NULL,NULL,NULL,NULL,NULL,NULL,NULL,NULL,NULL,NULL,NULL,NULL,NULL,NULL,NULL,NULL,NULL
586,빌 보 ,영화 호빗 ,절대 반지 ,하이 프레임 ,골룸 간달프 ,있다,멀다,안되다,없다,그렇다,있다,멀다,없다,그렇다,변하다,NULL,NULL,NULL,NULL,NULL
587,NULL,NULL,NULL,NULL,NULL,NULL,NULL,NULL,NULL,NULL,NULL,NULL,NULL,NULL,NULL,NULL,NULL,NULL,NULL,NULL
588,송 회장 ,경태 ,풍 영 ,회귀 물 ,호텔 사업 ,역다,특이하다,악하다,강하다,젊다,안녕하다,반갑다,단조롭다,숨막히다,역다,스럽다,확실하다,불쾌하다,그만하다,필요하다
589,NULL,NULL,NULL,NULL,NULL,NULL,NULL,NULL,NULL,NULL,NULL,NULL,NULL,NULL,NULL,NULL,NULL,NULL,NULL,NULL
590,NULL,NULL,NULL,NULL,NULL,NULL,NULL,NULL,NULL,NULL,NULL,NULL,NULL,NULL,NULL,NULL,NULL,NULL,NULL,NULL
591,미소녀 마왕 ,주인공 ,캐릭터 설정 ,원작 주인공 ,이후 초반 ,아니다,성장하다,싫어하다,즐겁다,쏠쏠하다,소소하다,없다,넓다,상당하다,좋다,NULL,NULL,NULL,NULL,NULL
592,맥스 퍼킨스 ,작가 ,사람 ,작품 ,편집 과정 ,엄청나다,낮다,역겹다,방대하다,있다,많다,생생하다,더하다,작다,당하다,NULL,NULL,NULL,NULL,NULL
593,임 말 ,뜻 ,문 피아 ,폭 종 ,급 사료 ,뛰어나다,강하다,재밌다,유치하다,부탁드리다,드물다,새롭다,갑작스럽다,짧다,재미있다,NULL,NULL,NULL,NULL,NULL
594,상원 의원 ,내용 요약 ,당 대표 ,박무 혁 ,회귀 전 ,같다,수많다,악랄하다,없다,강력하다,재밌다,수많다,없다,같다,스럽다,NULL,NULL,NULL,NULL,NULL
595,NULL,NULL,NULL,NULL,NULL,다양하다,인하다,행복하다,성장하다,같다,NULL,NULL,NULL,NULL,NULL,NULL,NULL,NULL,NULL,NULL
596,레 닐 ,사람 장르 ,이야기 저자 ,테라 방벽 ,현대 판타지 ,유명하다,이상하다,어떻다,같다,수많다,NULL,NULL,NULL,NULL,NULL,NULL,NULL,NULL,NULL,NULL
597,NULL,NULL,NULL,NULL,NULL,NULL,NULL,NULL,NULL,NULL,NULL,NULL,NULL,NULL,NULL,NULL,NULL,NULL,NULL,NULL
598,NULL,NULL,NULL,NULL,NULL,NULL,NULL,NULL,NULL,NULL,NULL,NULL,NULL,NULL,NULL,NULL,NULL,NULL,NULL,NULL
599,NULL,NULL,NULL,NULL,NULL,갑작스럽다,특이하다,다양하다,힘들다,같다,좋다,매끄럽다,인하다,특이하다,유치하다,NULL,NULL,NULL,NULL,NULL
600,작품 ,웹 연개 ,고블린 로드 ,정통 판타지 ,작가 본인 ,같다,좋다,재밌다,조급하다,없다,아쉽다,강하다,있다,어떻다,노련하다,NULL,NULL,NULL,NULL,NULL
601,네이버 시리즈 ,개연 ,소재 ,작품 ,주인공 ,변하다,좋다,빠르다,시원하다,간결하다,NULL,NULL,NULL,NULL,NULL,NULL,NULL,NULL,NULL,NULL
602,드 큐 ,미나 ,때 ,티 조 ,차지 비율 ,작다,실패하다,대단하다,성공하다,훈훈하다,NULL,NULL,NULL,NULL,NULL,깊다,불길하다,어둡다,빵터지다,나쁘다
603,NULL,NULL,NULL,NULL,NULL,새롭다,인하다,좋아하다,특별하다,아니다,새롭다,아니다,인하다,있다,특별하다,NULL,NULL,NULL,NULL,NULL
604,이신 후 ,바라크 엘 ,난이도 사냥 ,산 왕 ,피아 스톤 ,아니다,빠르다,같다,수월하다,몰두하다,NULL,NULL,NULL,NULL,NULL,NULL,NULL,NULL,NULL,NULL
605,NULL,NULL,NULL,NULL,NULL,NULL,NULL,NULL,NULL,NULL,NULL,NULL,NULL,NULL,NULL,NULL,NULL,NULL,NULL,NULL
606,NULL,NULL,NULL,NULL,NULL,NULL,NULL,NULL,NULL,NULL,NULL,NULL,NULL,NULL,NULL,NULL,NULL,NULL,NULL,NULL
607,NULL,NULL,NULL,NULL,NULL,NULL,NULL,NULL,NULL,NULL,NULL,NULL,NULL,NULL,NULL,NULL,NULL,NULL,NULL,NULL
608,게임 속 ,주인공 ,후 키워드 ,함장 ,전함 ,가볍다,어떻다,비슷하다,있다,성공하다,가볍다,비슷하다,어떻다,아쉽다,있다,NULL,NULL,NULL,NULL,NULL
609,이성진 ,삼정 전자 ,엘조 이 ,이번 일 ,동부 혁명군 ,기쁘다,좋아하다,있다,싫다,아니다,같다,재미있다,아니다,안녕하다,새롭다,NULL,NULL,NULL,NULL,NULL
610,NULL,NULL,NULL,NULL,NULL,NULL,NULL,NULL,NULL,NULL,NULL,NULL,NULL,NULL,NULL,NULL,NULL,NULL,NULL,NULL
611,그림 속 ,감정 물 ,미술품 감정사 ,선우 ,인물 ,있다,미치다,좋아하다,없다,어떻다,NULL,NULL,NULL,NULL,NULL,NULL,NULL,NULL,NULL,NULL
612,NULL,NULL,NULL,NULL,NULL,NULL,NULL,NULL,NULL,NULL,NULL,NULL,NULL,NULL,NULL,NULL,NULL,NULL,NULL,NULL
613,이 닐 ,서브 이벤트 , 앨범 ,방계 몬스터 ,빙고 미션 ,NULL,NULL,NULL,NULL,NULL,NULL,NULL,NULL,NULL,NULL,NULL,NULL,NULL,NULL,NULL
614,NULL,NULL,NULL,NULL,NULL,NULL,NULL,NULL,NULL,NULL,NULL,NULL,NULL,NULL,NULL,NULL,NULL,NULL,NULL,NULL
615,NULL,NULL,NULL,NULL,NULL,NULL,NULL,NULL,NULL,NULL,NULL,NULL,NULL,NULL,NULL,NULL,NULL,NULL,NULL,NULL
616,게임 판타지 ,코드 피스 ,먼치킨 형 ,누 군가 ,떡 밥 ,낮다,분명하다,괜찮다,중요하다,오래되다,있다,흔하다,확실하다,없다,덥다,가볍다,적합하다,의하다,강하다,굉장하다
617,존 워커 ,노 메 ,자신 ,말 ,때 ,지겹다,착하다,곱다,적응하다,통쾌하다,암울하다,뚜렷하다,부담스럽다,성하다,탄탄하다,암울하다,독특하다,성하다,흥미롭다,색다르다
618,각성 몽 ,현대 판타지 ,능력 ,성장 물 ,영 빈 ,있다,비슷하다,아무렇다,답답하다,없다,어떻다,좋다,인하다,간단하다,아니다,다양하다,단순하다,원하다,중요하다,의하다
619,NULL,NULL,NULL,NULL,NULL,NULL,NULL,NULL,NULL,NULL,NULL,NULL,NULL,NULL,NULL,NULL,NULL,NULL,NULL,NULL
620,주인공 ,레벨 업 ,정인 우 ,헌터 물 ,지구 ,싫어하다,작다,충분하다,괜찮다,같다,부탁드리다,적응하다,편안하다,당연하다,까다롭다,NULL,NULL,NULL,NULL,NULL
621,용사 ,차원 이동 ,마왕 ,경우 레벨 ,원호 작가 ,힘들다,재밌다,안되다,어떻다,같다,재밌다,빠르다,강하다,안되다,같다,즐겁다,가볍다,불쌍하다,엄청나다,좋다
622,NULL,NULL,NULL,NULL,NULL,NULL,NULL,NULL,NULL,NULL,NULL,NULL,NULL,NULL,NULL,NULL,NULL,NULL,NULL,NULL
623,필자 ,글 ,작품 ,작가 ,인물 ,짜릿하다,그렇다,필요하다,있다,강하다,강하다,있다,같다,그렇다,이상하다,죄송하다,훌륭하다,다행하다,아니다,상당하다
624,최성진 ,일 금 ,종말 거부 ,부산 쉘터 ,송 하린 ,상당하다,낮다,흔하다,재밌다,유명하다,높다,당하다,엄청나다,괜찮다,있다,쎄다,신선하다,재밌다,힘겹다,어떻다
625,NULL,NULL,NULL,NULL,NULL,NULL,NULL,NULL,NULL,NULL,NULL,NULL,NULL,NULL,NULL,NULL,NULL,NULL,NULL,NULL
626,우영 ,생존 물 ,공간 ,새끼 ,느낌표 ,좋다,특별하다,없다,궁금하다,당하다,같잖다,특별하다,그렇다,새롭다,흔하다,NULL,NULL,NULL,NULL,NULL
627,응 디 ,자신 ,한국 사회 ,미국 ,쿠 노 ,어정쩡하다,오만하다,얕다,화려하다,재밌다,성하다,부자연스럽다,성공하다,아깝다,아슬아슬하다,암울하다,개운하다,애절하다,번거롭다,막막하다
628,경영 물 ,현대 경영 ,명의 몸 ,은 재벌 ,자신 ,당하다,없다,적절하다,유명하다,나쁘다,안녕하다,괜찮다,같다,독특하다,적절하다,있다,덥다,재탕하다,비슷하다,힘들다
629,무협 웹툰 ,검 전기 ,먼치킨 물 ,화산 전생 ,도굴 왕 ,충분하다,꾸준하다,어지간하다,가능하다,비밀스럽다,신선하다,소소하다,야하다,확실하다,나쁘다,부족하다,스럽다,대단하다,당연하다,끔찍하다
630,NULL,NULL,NULL,NULL,NULL,NULL,NULL,NULL,NULL,NULL,NULL,NULL,NULL,NULL,NULL,NULL,NULL,NULL,NULL,NULL
631,NULL,NULL,NULL,NULL,NULL,NULL,NULL,NULL,NULL,NULL,NULL,NULL,NULL,NULL,NULL,NULL,NULL,NULL,NULL,NULL
632,천제 황 ,양궁 선수 ,김 주광 ,스토리 전개 ,한쪽 눈 ,아니다,있다,심하다,아쉽다,상당하다,아쉽다,참신하다,암울하다,흥미롭다,있다,NULL,NULL,NULL,NULL,NULL
633,장지 후 ,천둥 신 ,물 깡패 ,라오 ,교단 레벨 ,있다,무섭다,많다,간략하다,아쉽다,갑작스럽다,머나멀다,의하다,불손하다,어렵다,NULL,NULL,NULL,NULL,NULL
634,NULL,NULL,NULL,NULL,NULL,NULL,NULL,NULL,NULL,NULL,NULL,NULL,NULL,NULL,NULL,NULL,NULL,NULL,NULL,NULL
635,NULL,NULL,NULL,NULL,NULL,NULL,NULL,NULL,NULL,NULL,NULL,NULL,NULL,NULL,NULL,NULL,NULL,NULL,NULL,NULL
636,NULL,NULL,NULL,NULL,NULL,NULL,NULL,NULL,NULL,NULL,NULL,NULL,NULL,NULL,NULL,NULL,NULL,NULL,NULL,NULL
637,NULL,NULL,NULL,NULL,NULL,NULL,NULL,NULL,NULL,NULL,NULL,NULL,NULL,NULL,NULL,NULL,NULL,NULL,NULL,NULL
638,NULL,NULL,NULL,NULL,NULL,NULL,NULL,NULL,NULL,NULL,NULL,NULL,NULL,NULL,NULL,NULL,NULL,NULL,NULL,NULL
639,NULL,NULL,NULL,NULL,NULL,NULL,NULL,NULL,NULL,NULL,NULL,NULL,NULL,NULL,NULL,NULL,NULL,NULL,NULL,NULL
640,환생 좌 ,이 차원 ,던전 공략 ,주인공 ,추천 말 ,인하다,당하다,같다,아니다,필요하다,진지하다,어떻다,즐겁다,슬프다,어중간하다,NULL,NULL,NULL,NULL,NULL
642,NULL,NULL,NULL,NULL,NULL,NULL,NULL,NULL,NULL,NULL,NULL,NULL,NULL,NULL,NULL,NULL,NULL,NULL,NULL,NULL
643,지속 시간 ,추가 공격력 ,레벨 ,재사용 대기 ,특성 ,면밀하다,만족스럽다,재밌다,현명하다,좋아하다,NULL,NULL,NULL,NULL,NULL,NULL,NULL,NULL,NULL,NULL
644,서문 비 ,궁 ,제갈 영 ,구천 신 ,강소 홍 ,없다,그렇다,이렇다,심각하다,의하다,힘들다,부족하다,통쾌하다,명백하다,등등하다,NULL,NULL,NULL,NULL,NULL
645,장 무위 ,문 파 ,백두산 ,스승 ,강호 ,겸손하다,곧다,번번하다,중요하다,쎄다,NULL,NULL,NULL,NULL,NULL,번번하다,겸손하다,많다,곧다,중요하다
646,태극 천 ,백야 작가 ,소독 아가 ,낭인 천하 ,향 ,있다,궁금하다,미치다,원하다,부족하다,NULL,NULL,NULL,NULL,NULL,NULL,NULL,NULL,NULL,NULL
647,게임 ,모음 일본어 ,작품 ,서비스 종료 ,토 호쿠 ,좋다,복잡하다,확실하다,통쾌하다,강하다,붕괴하다,짧다,빠르다,귀찮다,환생하다,NULL,NULL,NULL,NULL,NULL
648,NULL,NULL,NULL,NULL,NULL,NULL,NULL,NULL,NULL,NULL,NULL,NULL,NULL,NULL,NULL,NULL,NULL,NULL,NULL,NULL
649,NULL,NULL,NULL,NULL,NULL,NULL,NULL,NULL,NULL,NULL,NULL,NULL,NULL,NULL,NULL,NULL,NULL,NULL,NULL,NULL
650,임 말 ,익 문 ,근육 조선 ,메리 여왕 ,남 주 ,불편하다,좋아하다,다르다,딱하다,상당하다,NULL,NULL,NULL,NULL,NULL,NULL,NULL,NULL,NULL,NULL
651,NULL,NULL,NULL,NULL,NULL,NULL,NULL,NULL,NULL,NULL,NULL,NULL,NULL,NULL,NULL,NULL,NULL,NULL,NULL,NULL
652,이태곤 대위 ,오상진 ,수류탄 ,마이크 ,이벤트 ,NULL,NULL,NULL,NULL,NULL,NULL,NULL,NULL,NULL,NULL,NULL,NULL,NULL,NULL,NULL
653,악당 주인공 ,포 스팅 ,먼치킨 회귀 ,무료 때 ,주인공 설정 ,이렇다,무겁다,좋아하다,상당하다,있다,성장하다,부족하다,괜찮다,복잡하다,다르다,상당하다,무겁다,좋아하다,어둡다,많다
654,영화 ,작품 ,촬영 ,주인공 ,자신 ,엄청나다,작다,있다,아니다,가능하다,NULL,NULL,NULL,NULL,NULL,NULL,NULL,NULL,NULL,NULL
655,테 이즈 ,레벨 스키 ,단점 칼 ,루트 장점 ,초반 싸움 ,NULL,NULL,NULL,NULL,NULL,NULL,NULL,NULL,NULL,NULL,NULL,NULL,NULL,NULL,NULL
656,골키퍼 물이 ,투 베 ,때 화력 ,이번 홍보 ,글 ,NULL,NULL,NULL,NULL,NULL,NULL,NULL,NULL,NULL,NULL,NULL,NULL,NULL,NULL,NULL
657,NULL,NULL,NULL,NULL,NULL,NULL,NULL,NULL,NULL,NULL,NULL,NULL,NULL,NULL,NULL,NULL,NULL,NULL,NULL,NULL
658,게임 시스템 ,컵 우승 ,완결 ,롤 ,흥미 ,좋다,아니다,재밌다,우승하다,어떻다,NULL,NULL,NULL,NULL,NULL,NULL,NULL,NULL,NULL,NULL
659,NULL,NULL,NULL,NULL,NULL,재밌다,같다,신선하다,수많다,어렵다,NULL,NULL,NULL,NULL,NULL,NULL,NULL,NULL,NULL,NULL
660,이상 정주 ,막내 아들 ,헌터 물 ,활 판타지 ,세계 ,강하다,없다,있다,미치다,비슷하다,NULL,NULL,NULL,NULL,NULL,NULL,NULL,NULL,NULL,NULL
661,판타지 세계 ,주인공 ,레벨 업 ,웹툰 ,마왕 ,답답하다,강하다,어떻다,안좋다,당하다,흔하다,있다,넘치다,미묘하다,수많다,가볍다,수많다,유쾌하다,충분하다,있다
662,곡 ,캘리포니아 음악원 ,연주 ,연주 ,아이 이어 ,새롭다,음산하다,친숙하다,빠르다,은은하다,NULL,NULL,NULL,NULL,NULL,절묘하다,일정하다,망하다,밋밋하다,어느새다
663,NULL,NULL,NULL,NULL,NULL,NULL,NULL,NULL,NULL,NULL,NULL,NULL,NULL,NULL,NULL,NULL,NULL,NULL,NULL,NULL
664,골키퍼 물이 ,투 베 ,때 화력 ,이번 홍보 ,글 ,NULL,NULL,NULL,NULL,NULL,NULL,NULL,NULL,NULL,NULL,NULL,NULL,NULL,NULL,NULL
665,NULL,NULL,NULL,NULL,NULL,아니다,있다,괜찮다,없다,이상하다,이상하다,괜찮다,아니다,있다,재밌다,NULL,NULL,NULL,NULL,NULL
666,NULL,NULL,NULL,NULL,NULL,NULL,NULL,NULL,NULL,NULL,NULL,NULL,NULL,NULL,NULL,NULL,NULL,NULL,NULL,NULL
667,진서 운 ,제천 대성 ,서바이벌 게임 ,남 사광 ,아이템 파밍 ,안녕하다,아슬아슬하다,갑작스럽다,위험하다,멍하다,탄탄하다,궁금하다,아쉽다,비싸다,얼얼하다,NULL,NULL,NULL,NULL,NULL
668,NULL,NULL,NULL,NULL,NULL,안녕하다,갑작스럽다,나쁘다,좋다,있다,갑작스럽다,부족하다,나쁘다,좋다,좋아하다,NULL,NULL,NULL,NULL,NULL
669,해체 레벨 ,헌터 협회 ,완 ,능력 ,몬스터 부하 ,많다,없다,조용하다,성장하다,엄청나다,어떻다,평범하다,이렇다,어마어마하다,뻔하다,NULL,NULL,NULL,NULL,NULL
670,NULL,NULL,NULL,NULL,NULL,NULL,NULL,NULL,NULL,NULL,NULL,NULL,NULL,NULL,NULL,NULL,NULL,NULL,NULL,NULL
671,NULL,NULL,NULL,NULL,NULL,NULL,NULL,NULL,NULL,NULL,NULL,NULL,NULL,NULL,NULL,NULL,NULL,NULL,NULL,NULL
672,뽕 맛 ,조 혁 ,철종 은 ,폭 종 ,왕 몽 ,갑작스럽다,역겹다,힘없다,환생하다,위대하다,힘없다,갑작스럽다,역겹다,아니다,환생하다,NULL,NULL,NULL,NULL,NULL
673,NULL,NULL,NULL,NULL,NULL,없다,무능하다,성공하다,NULL,NULL,NULL,NULL,NULL,NULL,NULL,NULL,NULL,NULL,NULL,NULL
674,정우 ,송 미 ,함 정희 ,촬영 장 ,연기 선생님 ,같다,굉장하다,불편하다,없다,순하다,붉다,유명하다,어떻다,뛰어나다,순하다,그렇다,딱하다,익숙하다,심하다,엄청나다
675,NULL,NULL,NULL,NULL,NULL,NULL,NULL,NULL,NULL,NULL,NULL,NULL,NULL,NULL,NULL,NULL,NULL,NULL,NULL,NULL
676,NULL,NULL,NULL,NULL,NULL,NULL,NULL,NULL,NULL,NULL,NULL,NULL,NULL,NULL,NULL,NULL,NULL,NULL,NULL,NULL
677,문 피아 ,주인공 갑지 ,만세 작가 ,작품 정도 ,때 ,있다,같다,진지하다,확실하다,높다,NULL,NULL,NULL,NULL,NULL,NULL,NULL,NULL,NULL,NULL
678,NULL,NULL,NULL,NULL,NULL,기대하다,아니다,좋다,같다,갑작스럽다,재미있다,갑작스럽다,안녕하다,아니다,그렇다,NULL,NULL,NULL,NULL,NULL
679,NULL,NULL,NULL,NULL,NULL,NULL,NULL,NULL,NULL,NULL,NULL,NULL,NULL,NULL,NULL,NULL,NULL,NULL,NULL,NULL
680,선호 작 ,작품 설정 ,포 스팅 ,주인공 ,세계 전 ,이렇다,없다,강력하다,다행하다,간절하다,없다,이렇다,강력하다,오래되다,솔직하다,NULL,NULL,NULL,NULL,NULL
681,임  , 바르셀로나 소속 ,내용 대한민국 ,스페인 국적 ,선수 ,있다,아니다,뛰어나다,현명하다,같다,꾸준하다,현명하다,그렇다,비슷하다,정신차리다,NULL,NULL,NULL,NULL,NULL
682,NULL,NULL,NULL,NULL,NULL,NULL,NULL,NULL,NULL,NULL,NULL,NULL,NULL,NULL,NULL,NULL,NULL,NULL,NULL,NULL
683,NULL,NULL,NULL,NULL,NULL,좋다,갑작스럽다,같다,미치다,특별하다,갑작스럽다,특별하다,안녕하다,없다,좋아하다,NULL,NULL,NULL,NULL,NULL
684,NULL,NULL,NULL,NULL,NULL,NULL,NULL,NULL,NULL,NULL,NULL,NULL,NULL,NULL,NULL,NULL,NULL,NULL,NULL,NULL
685,NULL,NULL,NULL,NULL,NULL,NULL,NULL,NULL,NULL,NULL,NULL,NULL,NULL,NULL,NULL,NULL,NULL,NULL,NULL,NULL
686,급 헌터 ,전신 ,인간 말 ,최 강석 ,사실 먼치킨 ,똑같다,없다,지루하다,안되다,아니다,얄팍하다,아름답다,나쁘다,그렇다,상당하다,NULL,NULL,NULL,NULL,NULL
687,강 하진 ,사람 ,던전 ,세상 ,마계 ,아니다,명확하다,강하다,낮다,재미있다,강하다,명확하다,재미있다,고맙다,작다,NULL,NULL,NULL,NULL,NULL
688,소환 술사 ,게임 카 ,주인공 길드 ,주인공 ,보스 몬스터 ,바쁘다,딱이다,끊임없다,유쾌하다,당연하다,부들부들하다,보들보들하다,간략하다,우승하다,지루하다,NULL,NULL,NULL,NULL,NULL
689,니다 주인공 ,능력 ,강 ,스키 ,몬스터 ,아니다,저렇다,이렇다,야하다,사소하다,NULL,NULL,NULL,NULL,NULL,NULL,NULL,NULL,NULL,NULL
690,헌터 물 ,능력 ,상황 ,글 ,회귀 ,기대하다,흥미롭다,괜찮다,좋다,같다,NULL,NULL,NULL,NULL,NULL,NULL,NULL,NULL,NULL,NULL
691,NULL,NULL,NULL,NULL,NULL,환생하다,아니다,괜찮다,좋다,그렇다,작다,처참하다,없다,안녕하다,아니다,NULL,NULL,NULL,NULL,NULL
692,NULL,NULL,NULL,NULL,NULL,NULL,NULL,NULL,NULL,NULL,NULL,NULL,NULL,NULL,NULL,NULL,NULL,NULL,NULL,NULL
693,케미 꽂이 ,유 느 ,애플 펜스 ,때 ,필기 감 ,불과하다,미묘하다,식상하다,두드러지다,흥미롭다,두근거리다,저조하다,가깝다,미묘하다,탄탄하다,훈훈하다,멍하다,어느새다,그만하다,둥글둥글하다
94,문 피아 ,손 채영 ,환생 좌 ,작품 ,회귀 물 ,불규칙하다,성공하다,강력하다,흥미롭다,씁쓸하다,단순하다,훌륭하다,맛있다,장황하다,빠르다,장황하다,지루하다,맛있다,무책임하다,끊임없다
95,한 ,유화 부인 ,금 손 ,담 덕 ,동해 용왕 ,성장하다,평범하다,다르다,뛰어나다,미미하다,성장하다,미미하다,재밌다,생소하다,평범하다,뻔하다,거대하다,험하다,정당하다,어리둥절하다
